n.title,avgrating
"Close Shave, A (1995)",4.491071428571429
Schindler's List (1993),4.466442953020135
"Wrong Trousers, The (1993)",4.466101694915254
Casablanca (1942),4.45679012345679
Wallace & Gromit: The Best of Aardman Animation (1996),4.447761194029851
"Shawshank Redemption, The (1994)",4.445229681978798
Rear Window (1954),4.3875598086124405
"Usual Suspects, The (1995)",4.385767790262173
Star Wars (1977),4.3584905660377355
12 Angry Men (1957),4.344
"Third Man, The (1949)",4.333333333333333
Citizen Kane (1941),4.292929292929293
Some Folks Call It a Sling Blade (1993),4.2926829268292686
To Kill a Mockingbird (1962),4.292237442922374
One Flew Over the Cuckoo's Nest (1975),4.291666666666667
"Silence of the Lambs, The (1991)",4.28974358974359
North by Northwest (1959),4.284916201117318
"Godfather, The (1972)",4.283292978208232
Secrets & Lies (1996),4.265432098765432
Good Will Hunting (1997),4.262626262626263
Shall We Dance? (1996),4.260869565217392
"Manchurian Candidate, The (1962)",4.259541984732825
Dr. Strangelove or: How I Learned to Stop Worrying and Love the Bomb (1963),4.252577319587629
Raiders of the Lost Ark (1981),4.252380952380952
Vertigo (1958),4.251396648044692
Titanic (1997),4.2457142857142856
Lawrence of Arabia (1962),4.23121387283237
Paths of Glory (1957),4.212121212121212
"Maltese Falcon, The (1941)",4.2101449275362315
"Empire Strikes Back, The (1980)",4.204359673024523
"Boot, Das (1981)",4.203980099502488
Sunset Blvd. (1950),4.2
Sling Blade (1996),4.198529411764706
As Good As It Gets (1997),4.196428571428571
"Affair to Remember, An (1957)",4.1923076923076925
"Godfather: Part II, The (1974)",4.186602870813397
"African Queen, The (1951)",4.184210526315789
"Bridge on the River Kwai, The (1957)",4.175757575757576
Cinema Paradiso (1988),4.1735537190082646
"Princess Bride, The (1987)",4.172839506172839
Amadeus (1984),4.163043478260869
L.A. Confidential (1997),4.161616161616162
Fargo (1996),4.155511811023622
Raise the Red Lantern (1991),4.155172413793103
Braveheart (1995),4.151515151515151
"Thin Man, The (1934)",4.15
Blade Runner (1982),4.138181818181818
Henry V (1989),4.137096774193548
Chinatown (1974),4.136054421768708
"Killing Fields, The (1984)",4.132231404958677
Waiting for Guffman (1996),4.127659574468085
Mr. Smith Goes to Washington (1939),4.123809523809523
It's a Wonderful Life (1946),4.121212121212121
Taxi Driver (1976),4.1208791208791204
Manon of the Spring (Manon des sources) (1986),4.120689655172414
Raging Bull (1980),4.120689655172414
"Philadelphia Story, The (1940)",4.115384615384615
Notorious (1946),4.115384615384615
Jean de Florette (1986),4.109375
"Grand Day Out, A (1992)",4.106060606060606
"Great Escape, The (1963)",4.104838709677419
"Graduate, The (1967)",4.104602510460251
Roman Holiday (1953),4.102941176470588
High Noon (1952),4.1022727272727275
Psycho (1960),4.100418410041841
Laura (1944),4.1
"Treasure of the Sierra Madre, The (1948)",4.1
Ran (1985),4.1
Apt Pupil (1998),4.1
Hoop Dreams (1994),4.094017094017094
Arsenic and Old Lace (1944),4.078260869565217
"Wizard of Oz, The (1939)",4.0772357723577235
Glory (1989),4.076023391812866
Monty Python and the Holy Grail (1974),4.0664556962025316
Once Were Warriors (1994),4.064516129032258
Much Ado About Nothing (1993),4.0625
Pulp Fiction (1994),4.060913705583756
Three Colors: Red (1994),4.0602409638554215
"Sting, The (1973)",4.058091286307054
"Christmas Carol, A (1938)",4.057971014492754
Lone Star (1996),4.053475935828877
"39 Steps, The (1935)",4.0508474576271185
Eat Drink Man Woman (1994),4.05
Paradise Lost: The Child Murders at Robin Hood Hills (1996),4.05
Top Hat (1935),4.0476190476190474
All About Eve (1950),4.045454545454546
When We Were Kings (1996),4.045454545454546
Persuasion (1995),4.045454545454546
Apocalypse Now (1979),4.04524886877828
"Fugitive, The (1993)",4.044642857142857
My Man Godfrey (1936),4.037037037037037
Alien (1979),4.034364261168385
"Quiet Man, The (1952)",4.029850746268656
Strictly Ballroom (1992),4.028846153846154
"Big Sleep, The (1946)",4.027397260273973
"Man Who Would Be King, The (1975)",4.025
"Wild Bunch, The (1969)",4.023255813953488
"Great Dictator, The (1940)",4.021739130434782
Gandhi (1982),4.02051282051282
To Catch a Thief (1955),4.02
It Happened One Night (1934),4.012345679012346
Sense and Sensibility (1995),4.0111940298507465
Hamlet (1996),4.011111111111111
Return of the Jedi (1983),4.007889546351085
Nikita (La Femme Nikita) (1990),4.0078740157480315
Terminator 2: Judgment Day (1991),4.0067796610169495
His Girl Friday (1940),4.0
For Whom the Bell Tolls (1943),4.0
Hard Eight (1996),4.0
Dial M for Murder (1954),4.0
Safe (1995),4.0
Duck Soup (1933),4.0
Priest (1994),4.0
Wings of Desire (1987),4.0
M (1931),4.0
Babe (1995),3.9954337899543377
Cool Hand Luke (1967),3.9939024390243905
Singin' in the Rain (1952),3.9927007299270074
Patton (1970),3.9926470588235294
Kolya (1996),3.9914529914529915
Reservoir Dogs (1992),3.9864864864864864
"Room with a View, A (1986)",3.985074626865672
Some Like It Hot (1959),3.984375
My Life as a Dog (Mitt liv som hund) (1985),3.978494623655914
Farewell My Concubine (1993),3.9782608695652173
Rebecca (1940),3.9696969696969697
2001: A Space Odyssey (1968),3.969111969111969
Local Hero (1983),3.9682539682539684
"Die xue shuang xiong (Killer, The) (1989)",3.967741935483871
"Postino, Il (1994)",3.9672131147540983
Beautiful Thing (1996),3.9655172413793105
Ulee's Gold (1997),3.96
Antonia's Line (1995),3.9565217391304346
Cat on a Hot Tin Roof (1958),3.9516129032258065
GoodFellas (1990),3.9513274336283186
Butch Cassidy and the Sundance Kid (1969),3.949074074074074
"Mrs. Brown (Her Majesty, Mrs. Brown) (1997)",3.9479166666666665
Aliens (1986),3.9471830985915495
Belle de jour (1967),3.945945945945946
Young Frankenstein (1974),3.945
Thirty-Two Short Films About Glenn Gould (1993),3.9444444444444446
"Magnificent Seven, The (1954)",3.9421487603305785
Lost Horizon (1937),3.9411764705882355
"Remains of the Day, The (1993)",3.94
"Day the Earth Stood Still, The (1951)",3.9381443298969074
Brassed Off (1996),3.9375
"Apartment, The (1960)",3.9365079365079363
Shadowlands (1993),3.9358974358974357
Chasing Amy (1997),3.935483870967742
"Terminator, The (1984)",3.9335548172757475
Spellbound (1945),3.933333333333333
Apollo 13 (1995),3.931159420289855
Indiana Jones and the Last Crusade (1989),3.930513595166163
Enchanted April (1991),3.9285714285714284
"Full Monty, The (1997)",3.926984126984127
Charade (1963),3.925
Primary Colors (1998),3.923076923076923
Shine (1996),3.9224806201550386
Meet John Doe (1941),3.92
"Right Stuff, The (1983)",3.917197452229299
"Garden of Finzi-Contini, The (Giardino dei Finzi-Contini, Il) (1970)",3.9166666666666665
Dead Poets Society (1989),3.9163346613545817
M*A*S*H (1970),3.912621359223301
Touch of Evil (1958),3.911764705882353
In the Name of the Father (1993),3.911764705882353
Annie Hall (1977),3.911111111111111
When Harry Met Sally... (1989),3.910344827586207
"Clockwork Orange, A (1971)",3.909502262443439
Searching for Bobby Fischer (1993),3.9057971014492754
This Is Spinal Tap (1984),3.905759162303665
Being There (1979),3.9051724137931036
Fly Away Home (1996),3.903225806451613
Big Night (1996),3.9005847953216373
Sophie's Choice (1982),3.896551724137931
Dead Man Walking (1995),3.8963210702341136
"Celluloid Closet, The (1995)",3.892857142857143
Rosencrantz and Guildenstern Are Dead (1990),3.888888888888889
Gaslight (1944),3.8857142857142857
Trainspotting (1996),3.884
Stand by Me (1986),3.881057268722467
Toy Story (1995),3.8783185840707963
Delicatessen (1991),3.876923076923077
Raising Arizona (1987),3.875
"Ruling Class, The (1972)",3.875
Die Hard (1988),3.8724279835390947
Gone with the Wind (1939),3.871345029239766
Once Upon a Time in the West (1969),3.8684210526315788
Unforgiven (1992),3.868131868131868
Foreign Correspondent (1940),3.8666666666666667
"Gay Divorcee, The (1934)",3.8666666666666667
Three Colors: White (1994),3.864406779661017
East of Eden (1955),3.864406779661017
"Hunt for Red October, The (1990)",3.8634361233480177
"Good, The Bad and The Ugly, The (1966)",3.8613138686131387
"Secret of Roan Inish, The (1994)",3.859154929577465
Braindead (1992),3.857142857142857
Anne Frank Remembered (1995),3.857142857142857
Rebel Without a Cause (1955),3.8555555555555556
Amistad (1997),3.8548387096774195
Philadelphia (1993),3.854014598540146
My Left Foot (1989),3.8512396694214877
Seven (Se7en) (1995),3.847457627118644
Walkabout (1971),3.8461538461538463
Bringing Up Baby (1938),3.838235294117647
"Blues Brothers, The (1980)",3.8366533864541834
Forbidden Planet (1956),3.8358208955223883
Back to the Future (1985),3.834285714285714
Night on Earth (1991),3.8333333333333335
"Deer Hunter, The (1978)",3.8333333333333335
"Farewell to Arms, A (1932)",3.8333333333333335
E.T. the Extra-Terrestrial (1982),3.8333333333333335
"Big Lebowski, The (1998)",3.8333333333333335
Richard III (1995),3.831460674157303
Ben-Hur (1959),3.8306451612903225
Swingers (1996),3.828025477707006
"Shining, The (1980)",3.825242718446602
Cold Comfort Farm (1995),3.824
Dead Man (1995),3.823529411764706
Bound (1996),3.8217054263565893
Bonnie and Clyde (1967),3.819672131147541
Cyrano de Bergerac (1990),3.8181818181818183
Shallow Grave (1994),3.8181818181818183
Harold and Maude (1971),3.8181818181818183
Brazil (1985),3.8173076923076925
"Streetcar Named Desire, A (1951)",3.816326530612245
My Fair Lady (1964),3.816
8 1/2 (1963),3.8157894736842106
Star Trek: The Wrath of Khan (1982),3.8155737704918034
Paris Is Burning (1990),3.814814814814815
Aladdin (1992),3.8127853881278537
"Birds, The (1963)",3.808641975308642
"Spitfire Grill, The (1996)",3.804123711340206
Clerks (1994),3.804054054054054
Like Water For Chocolate (Como agua para chocolate) (1992),3.804054054054054
Contact (1997),3.8035363457760316
Donnie Brasco (1997),3.802721088435374
Winnie the Pooh and the Blustery Day (1968),3.8
Twelve Monkeys (1995),3.798469387755102
Sabrina (1954),3.796875
Dances with Wolves (1990),3.79296875
In the Line of Fire (1993),3.7928994082840237
Chasing Amy (1997),3.792156862745098
Beauty and the Beast (1991),3.792079207920792
"Bronx Tale, A (1993)",3.7916666666666665
"City of Lost Children, The (1995)",3.7916666666666665
"Adventures of Robin Hood, The (1938)",3.791044776119403
Crumb (1994),3.7901234567901234
Trust (1990),3.789473684210526
To Live (Huozhe) (1994),3.7857142857142856
"Fish Called Wanda, A (1988)",3.785425101214575
"Lion King, The (1994)",3.7818181818181817
Mr. Holland's Opus (1995),3.7781569965870307
"Blue Angel, The (Blaue Engel, Der) (1930)",3.7777777777777777
Short Cuts (1993),3.7761194029850746
Jaws (1975),3.775
"Return of Martin Guerre, The (Retour de Martin Guerre, Le) (1982)",3.772727272727273
"Sweet Hereafter, The (1997)",3.772727272727273
Down by Law (1986),3.7714285714285714
"Thin Blue Line, The (1988)",3.7714285714285714
Six Degrees of Separation (1993),3.77027027027027
Fantasia (1940),3.7701149425287355
Dangerous Beauty (1998),3.769230769230769
Manhattan (1979),3.769230769230769
Ninotchka (1939),3.769230769230769
"Madness of King George, The (1994)",3.769230769230769
Face/Off (1997),3.768041237113402
"Sound of Music, The (1965)",3.765765765765766
Fried Green Tomatoes (1991),3.764705882352941
Groundhog Day (1993),3.7642857142857142
"Umbrellas of Cherbourg, The (Parapluies de Cherbourg, Les) (1964)",3.761904761904762
"Cry, the Beloved Country (1995)",3.75
Microcosmos: Le peuple de l'herbe (1996),3.75
Four Days in September (1997),3.75
Monty Python's Life of Brian (1979),3.7471264367816093
Men in Black (1997),3.745874587458746
Giant (1956),3.7450980392156863
Bob Roberts (1992),3.7411764705882353
Living in Oblivion (1995),3.740740740740741
"Haunted World of Edward D. Wood Jr., The (1995)",3.7333333333333334
Breaking the Waves (1996),3.72972972972973
Looking for Richard (1996),3.727272727272727
Diva (1981),3.727272727272727
Breakfast at Tiffany's (1961),3.7263157894736842
Mary Poppins (1964),3.7247191011235956
Welcome to the Dollhouse (1995),3.7232142857142856
Miracle on 34th Street (1994),3.722772277227723
"Inspector General, The (1949)",3.7222222222222223
Bullets Over Broadway (1994),3.7209302325581395
Jurassic Park (1993),3.7203065134099615
Emma (1996),3.7175141242937855
In the Company of Men (1997),3.712121212121212
Jerry Maguire (1996),3.7109375
Snow White and the Seven Dwarfs (1937),3.7093023255813953
Burnt By the Sun (1994),3.7083333333333335
Shall We Dance? (1937),3.7058823529411766
"Professional, The (1994)",3.704697986577181
Ridicule (1996),3.7045454545454546
Bananas (1971),3.7017543859649122
"Tin Drum, The (Blechtrommel, Die) (1979)",3.7
"American in Paris, An (1951)",3.7
Leaving Las Vegas (1995),3.697986577181208
"Rock, The (1996)",3.693121693121693
Platoon (1986),3.6929133858267718
"Pillow Book, The (1995)",3.6923076923076925
Flirting With Disaster (1996),3.6904761904761907
Kundun (1997),3.6904761904761907
Heathers (1989),3.690058479532164
In the Bleak Midwinter (1995),3.6875
Ulee's Gold (1997),3.6865671641791047
"Time to Kill, A (1996)",3.685344827586207
Full Metal Jacket (1987),3.6823529411764704
"Double vie de V?ronique, La (Double Life of Veronique, The) (1991)",3.6818181818181817
"Wings of the Dove, The (1997)",3.68
"Perfect World, A (1993)",3.68
Mediterraneo (1991),3.676470588235294
Little Women (1994),3.676470588235294
Grosse Pointe Blank (1997),3.675
Pinocchio (1940),3.6732673267326734
Heavenly Creatures (1994),3.6714285714285713
My Family (1995),3.6666666666666665
"Women, The (1939)",3.6666666666666665
Rosewood (1997),3.6666666666666665
Alice in Wonderland (1951),3.6666666666666665
Tombstone (1993),3.6666666666666665
SubUrbia (1997),3.6666666666666665
"Daytrippers, The (1996)",3.6666666666666665
Funny Face (1957),3.6666666666666665
Real Genius (1985),3.6638655462184873
Four Weddings and a Funeral (1994),3.6613545816733066
Some Kind of Wonderful (1987),3.6610169491525424
Around the World in 80 Days (1956),3.6610169491525424
Star Trek: First Contact (1996),3.66027397260274
Gigi (1958),3.658536585365854
"Little Princess, A (1995)",3.658536585365854
"English Patient, The (1996)",3.656964656964657
"Apostle, The (1997)",3.6545454545454548
Ghost in the Shell (Kokaku kidotai) (1995),3.6538461538461537
It Could Happen to You (1994),3.652173913043478
Miller's Crossing (1990),3.651685393258427
"Ghost and Mrs. Muir, The (1947)",3.6511627906976742
Dave (1993),3.65
Casino (1995),3.6483516483516483
Speed (1994),3.6478260869565218
Quiz Show (1994),3.645714285714286
Ransom (1996),3.644194756554307
"Ice Storm, The (1997)",3.6436781609195403
Jackie Brown (1997),3.642857142857143
"Candidate, The (1972)",3.641025641025641
Sleeper (1973),3.6341463414634148
My Own Private Idaho (1991),3.6333333333333333
Willy Wonka and the Chocolate Factory (1971),3.6319018404907975
Air Force One (1997),3.6310904872389793
Crimson Tide (1995),3.6298701298701297
Manhattan Murder Mystery (1993),3.6296296296296298
"American President, The (1995)",3.6280487804878048
Selena (1997),3.625
Citizen Ruth (1996),3.6222222222222222
"Crying Game, The (1992)",3.6218487394957983
Smoke (1995),3.6216216216216215
"Mis?rables, Les (1995)",3.619047619047619
Orlando (1993),3.6176470588235294
Love! Valour! Compassion! (1997),3.6153846153846154
"Mark of Zorro, The (1940)",3.6153846153846154
True Romance (1993),3.6153846153846154
Othello (1995),3.611111111111111
Picnic (1955),3.611111111111111
To Be or Not to Be (1942),3.611111111111111
Courage Under Fire (1996),3.6108597285067874
Eve's Bayou (1997),3.609375
Nobody's Fool (1994),3.608695652173913
Bride of Frankenstein (1935),3.608695652173913
Ed Wood (1994),3.601503759398496
"Piano, The (1993)",3.6011904761904763
Primal Fear (1996),3.601123595505618
Mrs. Dalloway (1997),3.6
Murder in the First (1995),3.6
"Rainmaker, The (1997)",3.6
Red Rock West (1992),3.5961538461538463
Gattaca (1997),3.5955882352941178
"People vs. Larry Flynt, The (1996)",3.5953488372093023
"Adventures of Priscilla, Queen of the Desert, The (1994)",3.5945945945945947
William Shakespeare's Romeo and Juliet (1996),3.5943396226415096
"Game, The (1997)",3.593625498007968
Vanya on 42nd Street (1994),3.5925925925925926
Marvin's Room (1996),3.58974358974359
"Abyss, The (1989)",3.589403973509934
"Nightmare Before Christmas, The (1993)",3.5874125874125875
Boogie Nights (1997),3.5873015873015874
Father of the Bride (1950),3.5833333333333335
Cinderella (1950),3.5813953488372094
Widows' Peak (1994),3.5789473684210527
Shanghai Triad (Yao a yao yao dao waipo qiao) (1995),3.576923076923077
Swimming with Sharks (1995),3.574468085106383
"Hour of the Pig, The (1993)",3.5714285714285716
Chungking Express (1994),3.5714285714285716
Clear and Present Danger (1994),3.569832402234637
Better Off Dead... (1985),3.569620253164557
Heat (1995),3.569506726457399
Rob Roy (1995),3.5652173913043477
"Jungle Book, The (1994)",3.5647058823529414
True Lies (1994),3.5625
Phenomenon (1996),3.557377049180328
On Golden Pond (1981),3.556603773584906
Exotica (1994),3.5555555555555554
"Family Thing, A (1996)",3.5555555555555554
"Nosferatu (Nosferatu, eine Symphonie des Grauens) (1922)",3.5555555555555554
"Hudsucker Proxy, The (1994)",3.5545454545454547
"Return of the Pink Panther, The (1974)",3.5543478260869565
Don Juan DeMarco (1995),3.5526315789473686
Get Shorty (1995),3.550239234449761
Muriel's Wedding (1994),3.55
While You Were Sleeping (1995),3.549382716049383
"Last of the Mohicans, The (1992)",3.546875
Unzipped (1995),3.5454545454545454
Stalker (1979),3.5454545454545454
"Sum of Us, The (1994)",3.5454545454545454
"Secret Garden, The (1993)",3.5443037974683542
"Man Without a Face, The (1993)",3.5441176470588234
"Paris, Texas (1984)",3.5434782608695654
"Seventh Seal, The (Sjunde inseglet, Det) (1957)",3.5416666666666665
Sleepless in Seattle (1993),3.539906103286385
"Edge, The (1997)",3.5398230088495577
What's Eating Gilbert Grape (1993),3.5391304347826087
Supercop (1992),3.5384615384615383
Fly Away Home (1996),3.5369127516778525
Highlander (1986),3.5359477124183005
"American Werewolf in London, An (1981)",3.5353535353535355
My Favorite Year (1982),3.532258064516129
Private Parts (1997),3.53
Jeffrey (1995),3.5294117647058822
Cape Fear (1962),3.5232558139534884
Evil Dead II (1987),3.5168539325842696
"Devil's Advocate, The (1997)",3.515957446808511
Hercules (1997),3.515151515151515
Sleepers (1996),3.514792899408284
Sneakers (1992),3.513333333333333
Wag the Dog (1997),3.510948905109489
Carrie (1976),3.5041322314049586
Moll Flanders (1996),3.5
"Queen Margot (Reine Margot, La) (1994)",3.5
Dark City (1998),3.5
"Hate (Haine, La) (1995)",3.5
"Body Snatcher, The (1945)",3.5
"Assignment, The (1997)",3.5
Sabrina (1995),3.5
"20,000 Leagues Under the Sea (1954)",3.5
Dumbo (1941),3.4959349593495936
Koyaanisqatsi (1983),3.490566037735849
What's Love Got to Do with It (1993),3.488888888888889
When a Man Loves a Woman (1994),3.4871794871794872
Circle of Friends (1995),3.486842105263158
"Wedding Singer, The (1998)",3.486111111111111
"Truth About Cats & Dogs, The (1996)",3.485294117647059
Old Yeller (1957),3.484375
"Grifters, The (1990)",3.4831460674157304
Ghosts of Mississippi (1996),3.4827586206896552
Top Gun (1986),3.481818181818182
Nell (1994),3.4814814814814814
"Fifth Element, The (1997)",3.4771573604060912
"Ice Storm, The (1997)",3.4761904761904763
Jane Eyre (1996),3.4761904761904763
"Sex, Lies, and Videotape (1989)",3.4752475247524752
Killing Zoe (1994),3.475
Backbeat (1993),3.473684210526316
"Long Kiss Goodnight, The (1996)",3.4702702702702704
Maverick (1994),3.46875
Dazed and Confused (1993),3.46875
One Night Stand (1997),3.466666666666667
That Thing You Do! (1996),3.465909090909091
Restoration (1995),3.464788732394366
Ghost (1990),3.4647058823529413
Glengarry Glen Ross (1992),3.463768115942029
Friday (1995),3.4615384615384617
Kiss the Girls (1997),3.4615384615384617
"Red Firecracker, Green Firecracker (1994)",3.4615384615384617
Benny & Joon (1993),3.4607843137254903
Immortal Beloved (1994),3.4603174603174605
Menace II Society (1993),3.46
Con Air (1997),3.45985401459854
Clueless (1995),3.458823529411765
Now and Then (1995),3.4583333333333335
Seven Years in Tibet (1997),3.458064516129032
Legends of the Fall (1994),3.45679012345679
"Unbearable Lightness of Being, The (1988)",3.4565217391304346
Michael Collins (1996),3.4565217391304346
Cape Fear (1991),3.456140350877193
Bottle Rocket (1996),3.4545454545454546
Desperado (1995),3.4536082474226806
"Brothers McMullen, The (1995)",3.452054794520548
Ma vie en rose (My Life in Pink) (1997),3.45
Rumble in the Bronx (1995),3.4482758620689653
"Last Supper, The (1995)",3.4482758620689653
Star Trek IV: The Voyage Home (1986),3.4472361809045227
Mallrats (1995),3.4444444444444446
Black Beauty (1994),3.4444444444444446
"Birdcage, The (1996)",3.4436860068259385
Scream (1996),3.4414225941422596
Independence Day (ID4) (1996),3.438228438228438
"Fast, Cheap & Out of Control (1997)",3.4375
Army of Darkness (1993),3.4310344827586206
Death and the Maiden (1994),3.4285714285714284
In Love and War (1996),3.4285714285714284
Batman (1989),3.427860696517413
Tomorrow Never Dies (1997),3.4277777777777776
Somewhere in Time (1980),3.426829268292683
"Basketball Diaries, The (1995)",3.425
Anastasia (1997),3.4242424242424243
Conspiracy Theory (1997),3.4237288135593222
Night of the Living Dead (1968),3.421875
Set It Off (1996),3.4210526315789473
Mighty Aphrodite (1995),3.4184782608695654
"Crow, The (1994)",3.417910447761194
Pump Up the Volume (1990),3.4177215189873418
Angels and Insects (1995),3.4166666666666665
"Man in the Iron Mask, The (1998)",3.4166666666666665
Blue Sky (1994),3.4166666666666665
Twelfth Night (1996),3.413793103448276
Mrs. Doubtfire (1993),3.4114583333333335
Before Sunrise (1995),3.4081632653061225
Carlito's Way (1993),3.4074074074074074
"Thousand Acres, A (1997)",3.4054054054054053
Breakdown (1997),3.4025974025974026
Once Upon a Time in America (1984),3.4
Deconstructing Harry (1997),3.4
White Squall (1996),3.4
Beautiful Girls (1996),3.391304347826087
Happy Gilmore (1996),3.389261744966443
"Omen, The (1976)",3.388235294117647
Red Corner (1997),3.3859649122807016
Devil in a Blue Dress (1995),3.3859649122807016
"Age of Innocence, The (1993)",3.3846153846153846
"Tango Lesson, The (1997)",3.3846153846153846
"Boys of St. Vincent, The (1993)",3.3846153846153846
"Client, The (1994)",3.381443298969072
Akira (1988),3.38
I Shot Andy Warhol (1996),3.3783783783783785
"Hunchback of Notre Dame, The (1996)",3.377952755905512
Cop Land (1997),3.3771428571428572
Bad Taste (1987),3.375
"Englishman Who Went Up a Hill, But Came Down a Mountain, The (1995)",3.375
Night Falls on Manhattan (1997),3.375
Stealing Beauty (1996),3.375
Absolute Power (1997),3.37007874015748
Welcome To Sarajevo (1997),3.3636363636363638
"Mirror Has Two Faces, The (1996)",3.3636363636363638
That Old Feeling (1997),3.3636363636363638
My Best Friend's Wedding (1997),3.36046511627907
G.I. Jane (1997),3.36
U Turn (1997),3.359375
Swiss Family Robinson (1960),3.358974358974359
Freeway (1996),3.357142857142857
Executive Decision (1996),3.356687898089172
Die Hard 2 (1990),3.355421686746988
Meet Me in St. Louis (1944),3.3548387096774195
Pink Floyd - The Wall (1982),3.3508771929824563
Grease (1978),3.347058823529412
"Old Man and the Sea, The (1958)",3.34375
Dolores Claiborne (1994),3.3417721518987342
"Young Poisoner's Handbook, The (1995)",3.341463414634146
Dangerous Minds (1995),3.3404255319148937
How to Make an American Quilt (1995),3.3380281690140845
"Crucible, The (1996)",3.3376623376623376
Victor/Victoria (1982),3.3376623376623376
Star Trek: Generations (1994),3.336206896551724
Desperate Measures (1998),3.3333333333333335
Alphaville (1965),3.3333333333333335
Higher Learning (1995),3.3333333333333335
French Kiss (1995),3.3333333333333335
Radioland Murders (1994),3.3333333333333335
"Sword in the Stone, The (1963)",3.3292682926829267
Unforgettable (1996),3.323529411764706
Pretty Woman (1990),3.323170731707317
I.Q. (1994),3.3209876543209877
Michael (1996),3.319327731092437
Little Buddha (1993),3.3181818181818183
Unstrung Heroes (1995),3.3181818181818183
Kama Sutra: A Tale of Love (1996),3.3181818181818183
Get on the Bus (1996),3.3157894736842106
Mission: Impossible (1996),3.313953488372093
Jumanji (1995),3.3125
Rudy (1993),3.3125
Traveller (1997),3.3076923076923075
"Replacement Killers, The (1998)",3.3076923076923075
In & Out (1997),3.3043478260869565
"Three Musketeers, The (1993)",3.303370786516854
Copycat (1995),3.302325581395349
Desperate Measures (1998),3.2962962962962963
Washington Square (1997),3.2941176470588234
"Great Race, The (1965)",3.2903225806451615
Under Siege (1992),3.2903225806451615
"Walk in the Clouds, A (1995)",3.2857142857142856
Once Upon a Time... When We Were Colored (1995),3.2857142857142856
It's My Party (1995),3.2857142857142856
Die Hard: With a Vengeance (1995),3.2847682119205297
Star Trek VI: The Undiscovered Country (1991),3.279503105590062
"Firm, The (1993)",3.2781456953642385
To Die For (1995),3.2758620689655173
Everyone Says I Love You (1996),3.2738095238095237
"Three Caballeros, The (1945)",3.272727272727273
Strawberry and Chocolate (Fresa y chocolate) (1993),3.272727272727273
"Peacemaker, The (1997)",3.2720588235294117
"War, The (1994)",3.2666666666666666
Strange Days (1995),3.264367816091954
Heavy Metal (1981),3.26027397260274
Career Girls (1997),3.2564102564102564
Mad City (1997),3.25531914893617
Up in Smoke (1978),3.25531914893617
Jackie Chan's First Strike (1996),3.2551724137931033
Basquiat (1996),3.25
Indian Summer (1996),3.25
Austin Powers: International Man of Mystery (1997),3.246153846153846
"Associate, The (1996)",3.2439024390243905
Escape from New York (1981),3.241758241758242
Outbreak (1995),3.2403846153846154
Fearless (1993),3.24
Trees Lounge (1996),3.24
Naked (1993),3.24
"Big Blue, The (Grand bleu, Le) (1988)",3.235294117647059
"Frighteners, The (1996)",3.234782608695652
Bed of Roses (1996),3.2333333333333334
Starship Troopers (1997),3.2322274881516586
One Fine Day (1996),3.232142857142857
Withnail and I (1987),3.230769230769231
Switchblade Sisters (1975),3.230769230769231
Carrington (1995),3.230769230769231
Roommates (1995),3.230769230769231
Telling Lies in America (1997),3.230769230769231
Basic Instinct (1992),3.227722772277228
Robin Hood: Prince of Thieves (1991),3.2266666666666666
2 Days in the Valley (1996),3.225806451612903
"Paper, The (1994)",3.225
"Postman, The (1997)",3.2241379310344827
Great Expectations (1998),3.2222222222222223
M. Butterfly (1993),3.2222222222222223
Kalifornia (1993),3.2203389830508473
Scream 2 (1997),3.2169811320754715
Twister (1996),3.2150170648464163
Homeward Bound: The Incredible Journey (1993),3.2131147540983607
Matilda (1996),3.210526315789474
Gridlock'd (1997),3.210526315789474
Powder (1995),3.2083333333333335
"Quick and the Dead, The (1995)",3.2083333333333335
Young Guns (1988),3.207920792079208
GoldenEye (1995),3.2061068702290076
French Twist (Gazon maudit) (1995),3.2051282051282053
Bulletproof (1996),3.204081632653061
"Ghost and the Darkness, The (1996)",3.203125
"Trigger Effect, The (1996)",3.2
Go Fish (1994),3.2
"Mask, The (1994)",3.193798449612403
Forget Paris (1995),3.193548387096774
Oscar & Lucinda (1997),3.1904761904761907
Up Close and Personal (1996),3.1882352941176473
Tie Me Up! Tie Me Down! (1990),3.1875
Interview with the Vampire (1994),3.1824817518248176
Mother Night (1996),3.1818181818181817
My Crazy Life (Mi vida loca) (1993),3.1818181818181817
Passion Fish (1992),3.1785714285714284
Blue in the Face (1995),3.1777777777777776
"MatchMaker, The (1997)",3.176470588235294
Malice (1993),3.1739130434782608
Extreme Measures (1996),3.171875
"Nightmare on Elm Street, A (1984)",3.171171171171171
Soul Food (1997),3.169491525423729
Little Lord Fauntleroy (1936),3.1666666666666665
Amateur (1994),3.1666666666666665
Smilla's Sense of Snow (1997),3.1666666666666665
Love & Human Remains (1993),3.1666666666666665
Stalingrad (1993),3.1666666666666665
"Star Maker, The (Uomo delle stelle, L') (1995)",3.1666666666666665
Tom and Huck (1995),3.1666666666666665
Bread and Chocolate (Pane e cioccolata) (1973),3.1666666666666665
Lost in Space (1998),3.1666666666666665
Addicted to Love (1997),3.1666666666666665
"Bridges of Madison County, The (1995)",3.1641791044776117
My Fellow Americans (1996),3.1627906976744184
Midnight in the Garden of Good and Evil (1997),3.1625
Cool Runnings (1993),3.161764705882353
"Kiss Me, Guido (1997)",3.161290322580645
Tin Cup (1996),3.160621761658031
Fear (1996),3.159090909090909
Bram Stoker's Dracula (1992),3.158333333333333
Liar Liar (1997),3.156701030927835
Home for the Holidays (1995),3.1551724137931036
Things to Do in Denver when You're Dead (1995),3.1549295774647885
Manny & Lo (1996),3.1538461538461537
Only You (1994),3.1538461538461537
"Corrina, Corrina (1994)",3.1538461538461537
Demolition Man (1993),3.152173913043478
Eraser (1996),3.150485436893204
"Jackal, The (1997)",3.1494252873563218
Pollyanna (1960),3.1481481481481484
"Fox and the Hound, The (1981)",3.1475409836065573
Boys on the Side (1995),3.1470588235294117
Fallen (1998),3.1463414634146343
"River Wild, The (1994)",3.143835616438356
Jack (1996),3.142857142857143
Wild Reeds (1994),3.142857142857143
Just Cause (1995),3.142857142857143
Palmetto (1998),3.142857142857143
City Hall (1996),3.1392405063291138
Lost Highway (1997),3.136
Princess Caraboo (1994),3.1333333333333333
"Bye Bye, Love (1995)",3.1333333333333333
Inventing the Abbotts (1997),3.130434782608696
Ruby in Paradise (1993),3.130434782608696
Mother (1996),3.1301775147928996
Kingpin (1996),3.1296296296296298
"Aristocats, The (1970)",3.1296296296296298
James and the Giant Peach (1996),3.126984126984127
"Saint, The (1997)",3.1234177215189876
Nixon (1995),3.1222222222222222
From Dusk Till Dawn (1996),3.119565217391304
Farinelli: il castrato (1994),3.1176470588235294
"Craft, The (1996)",3.1153846153846154
Fierce Creatures (1997),3.1145833333333335
Andre (1994),3.111111111111111
Afterglow (1997),3.111111111111111
Star Trek III: The Search for Spock (1984),3.111111111111111
"Devil's Own, The (1997)",3.1083333333333334
Bad Boys (1995),3.1052631578947367
Surviving Picasso (1996),3.1052631578947367
Dirty Dancing (1987),3.1020408163265305
Wyatt Earp (1994),3.1
"Santa Clause, The (1994)",3.097560975609756
Alien: Resurrection (1997),3.096774193548387
Timecop (1994),3.096774193548387
"Parent Trap, The (1961)",3.095890410958904
Love Jones (1997),3.0952380952380953
"Fan, The (1996)",3.09375
"Chamber, The (1996)",3.0930232558139537
Critical Care (1997),3.090909090909091
Anna Karenina (1997),3.090909090909091
Home Alone (1990),3.0875912408759123
Murder at 1600 (1997),3.0871559633027523
Live Nude Girls (1995),3.0869565217391304
Speechless (1994),3.0833333333333335
Dragonheart (1996),3.0822784810126582
Billy Madison (1995),3.081081081081081
Tin Men (1987),3.0784313725490198
Casper (1995),3.076923076923077
Kids in the Hall: Brain Candy (1996),3.076923076923077
"Life Less Ordinary, A (1997)",3.0754716981132075
Spanking the Monkey (1994),3.074074074074074
Bedknobs and Broomsticks (1971),3.0701754385964914
To Gillian on Her 37th Birthday (1996),3.0681818181818183
Mary Shelley's Frankenstein (1994),3.0677966101694913
With Honors (1994),3.0652173913043477
Romy and Michele's High School Reunion (1997),3.061224489795918
Kids (1995),3.061224489795918
I Know What You Did Last Summer (1997),3.06
Beyond Rangoon (1995),3.0555555555555554
So I Married an Axe Murderer (1993),3.0526315789473686
Star Maps (1997),3.0526315789473686
"Adventures of Pinocchio, The (1996)",3.051282051282051
Ace Ventura: Pet Detective (1994),3.0485436893203883
Conan the Barbarian (1981),3.046728971962617
Nick of Time (1995),3.0454545454545454
Mrs. Winterbourne (1996),3.0454545454545454
"House of the Spirits, The (1993)",3.0416666666666665
Grumpier Old Men (1995),3.0405405405405403
"Arrival, The (1996)",3.036144578313253
"Ref, The (1994)",3.0344827586206895
Star Trek: The Motion Picture (1979),3.034188034188034
Four Rooms (1995),3.033333333333333
Broken Arrow (1996),3.031496062992126
Eye for an Eye (1996),3.03125
"Howling, The (1981)",3.026315789473684
"Cook the Thief His Wife & Her Lover, The (1989)",3.024390243902439
187 (1997),3.024390243902439
First Knight (1995),3.0232558139534884
Junior (1994),3.022222222222222
Cliffhanger (1993),3.021505376344086
Barcelona (1994),3.018867924528302
"First Wives Club, The (1996)",3.01875
She's the One (1996),3.0136986301369864
"Net, The (1995)",3.0083333333333333
Romeo Is Bleeding (1993),3.0
Disclosure (1994),3.0
Robert A. Heinlein's The Puppet Masters (1994),3.0
Jude (1996),3.0
"House of Yes, The (1997)",3.0
"Crossing Guard, The (1995)",3.0
Body Snatchers (1993),3.0
Dumb & Dumber (1994),3.0
"Shaggy Dog, The (1959)",3.0
Fools Rush In (1997),3.0
Renaissance Man (1994),3.0
Balto (1995),3.0
Carried Away (1996),3.0
I'm Not Rappaport (1996),3.0
Blink (1994),3.0
Clockers (1995),3.0
Losing Isaiah (1995),3.0
Sirens (1994),2.983050847457627
Evita (1996),2.9806949806949805
"Doors, The (1991)",2.9782608695652173
Tales From the Crypt Presents: Demon Knight (1995),2.9767441860465116
Escape to Witch Mountain (1975),2.966666666666667
FairyTale: A True Story (1997),2.966666666666667
Reality Bites (1994),2.961038961038961
Private Benjamin (1980),2.955223880597015
Natural Born Killers (1994),2.953125
"Lost World: Jurassic Park, The (1997)",2.9430379746835444
Mute Witness (1994),2.9411764705882355
Body Snatchers (1993),2.9393939393939394
"Prophecy, The (1995)",2.9375
Dante's Peak (1997),2.933333333333333
Money Talks (1997),2.933333333333333
Foxfire (1996),2.933333333333333
Fire Down Below (1997),2.9318181818181817
Hoodlum (1997),2.9315068493150687
"Evening Star, The (1996)",2.9310344827586206
Nine Months (1995),2.9310344827586206
Sphere (1998),2.926829268292683
"Preacher's Wife, The (1996)",2.926470588235294
First Kid (1996),2.925
Palookaville (1996),2.923076923076923
Kicking and Screaming (1995),2.923076923076923
"Man Who Knew Too Little, The (1997)",2.923076923076923
Angels in the Outfield (1994),2.923076923076923
Metro (1997),2.9166666666666665
"Nutty Professor, The (1996)",2.914110429447853
"Davy Crockett, King of the Wild Frontier (1955)",2.909090909090909
Tommy Boy (1995),2.909090909090909
"Truman Show, The (1998)",2.909090909090909
101 Dalmatians (1996),2.908256880733945
Rising Sun (1993),2.9069767441860463
Hard Rain (1998),2.903225806451613
Georgia (1995),2.9
"Goofy Movie, A (1995)",2.9
Father of the Bride Part II (1995),2.8984375
Judge Dredd (1995),2.8974358974358974
Cat People (1982),2.8958333333333335
"To Wong Foo, Thanks for Everything! Julie Newmar (1995)",2.8947368421052633
"Shadow, The (1994)",2.888888888888889
Diabolique (1996),2.887323943661972
In the Mouth of Madness (1995),2.8846153846153846
"Smile Like Yours, A (1997)",2.88
"Relic, The (1997)",2.88
Mulholland Falls (1996),2.8780487804878048
Mortal Kombat (1995),2.877551020408163
Bastard Out of Carolina (1996),2.875
Party Girl (1995),2.875
Little Big League (1994),2.875
Assassins (1995),2.871794871794872
Cemetery Man (Dellamorte Dellamore) (1994),2.869565217391304
Species (1995),2.8666666666666667
Shadow Conspiracy (1997),2.8636363636363638
Blood & Wine (1997),2.8636363636363638
Deceiver (1997),2.857142857142857
Tank Girl (1995),2.8536585365853657
Kiss of Death (1995),2.85
Mars Attacks! (1996),2.847926267281106
Before and After (1996),2.8461538461538463
Aladdin and the King of Thieves (1996),2.8461538461538463
"Transformers: The Movie, The (1986)",2.84375
Cats Don't Dance (1997),2.84375
"Apple Dumpling Gang, The (1975)",2.84
"Program, The (1993)",2.838709677419355
Threesome (1994),2.838709677419355
Multiplicity (1996),2.8358208955223883
Firestorm (1998),2.8333333333333335
For Love or Money (1993),2.8333333333333335
Love Affair (1994),2.8333333333333335
Shiloh (1997),2.8333333333333335
Houseguest (1994),2.8333333333333335
Alien 3 (1992),2.83
Until the End of the World (Bis ans Ende der Welt) (1991),2.8260869565217392
Switchback (1997),2.823529411764706
Blues Brothers 2000 (1998),2.8214285714285716
Mary Reilly (1996),2.8205128205128207
"Indian in the Cupboard, The (1995)",2.8205128205128207
"Juror, The (1996)",2.817073170731707
Addams Family Values (1993),2.8160919540229883
Serial Mom (1994),2.814814814814815
Boomerang (1992),2.8125
"Air Up There, The (1994)",2.8125
Volcano (1997),2.808219178082192
Waterworld (1995),2.803921568627451
"Brady Bunch Movie, The (1995)",2.8026315789473686
Cobb (1994),2.8
Wes Craven's New Nightmare (1994),2.8
Maximum Risk (1996),2.8
Beavis and Butt-head Do America (1996),2.7884615384615383
Naked Gun 33 1/3: The Final Insult (1994),2.782608695652174
Homeward Bound II: Lost in San Francisco (1996),2.78125
"Love Bug, The (1969)",2.78
Space Jam (1996),2.774193548387097
Young Guns II (1990),2.772727272727273
Oliver & Company (1988),2.772727272727273
Daylight (1996),2.7719298245614037
Don't Be a Menace to South Central While Drinking Your Juice in the Hood (1996),2.7714285714285714
Something to Talk About (1995),2.769230769230769
Hot Shots! Part Deux (1993),2.764705882352941
How to Be a Player (1997),2.761904761904762
Muppet Treasure Island (1996),2.761904761904762
Girl 6 (1996),2.76
Blown Away (1994),2.7586206896551726
If Lucy Fell (1996),2.7586206896551726
Flubber (1997),2.7547169811320753
"Glimmer Man, The (1996)",2.75
Drop Dead Fred (1991),2.75
Exit to Eden (1994),2.75
Last Action Hero (1993),2.7457627118644066
Mimic (1997),2.742574257425743
"Fog, The (1980)",2.739130434782609
Virtuosity (1995),2.736842105263158
She's So Lovely (1997),2.7358490566037736
Color of Night (1994),2.7333333333333334
Milk Money (1994),2.72972972972973
"Kid in King Arthur's Court, A (1995)",2.727272727272727
Wild Things (1998),2.727272727272727
Sudden Death (1995),2.723404255319149
Candyman (1992),2.723076923076923
"Little Rascals, The (1994)",2.7222222222222223
Dead Presidents (1995),2.7222222222222223
Pete's Dragon (1977),2.7209302325581395
"Blob, The (1958)",2.717391304347826
Days of Thunder (1990),2.7169811320754715
Kull the Conqueror (1997),2.7142857142857144
Down Periscope (1996),2.702970297029703
Money Talks (1997),2.702127659574468
Wolf (1994),2.701492537313433
Chain Reaction (1996),2.7
Harriet the Spy (1996),2.7
"Prophecy II, The (1998)",2.7
Eddie (1996),2.7
Hard Target (1993),2.7
"Substitute, The (1996)",2.693877551020408
"Heidi Fleiss: Hollywood Madam (1995) ",2.6923076923076925
Alaska (1996),2.6923076923076925
Gang Related (1997),2.6875
George of the Jungle (1997),2.685185185185185
Out to Sea (1997),2.6842105263157894
Amos & Andrew (1993),2.6842105263157894
Batman Returns (1992),2.683098591549296
Village of the Damned (1995),2.6818181818181817
Judgment Night (1993),2.68
"Portrait of a Lady, The (1996)",2.68
Terminal Velocity (1994),2.676470588235294
Ace Ventura: When Nature Calls (1995),2.675675675675676
"Scout, The (1994)",2.6666666666666665
Jaws 2 (1978),2.6666666666666665
April Fool's Day (1986),2.6666666666666665
Batman Forever (1995),2.6666666666666665
Last Man Standing (1996),2.660377358490566
Bean (1997),2.659340659340659
Screamers (1995),2.652173913043478
Fled (1996),2.6470588235294117
Angus (1995),2.642857142857143
"Perez Family, The (1995)",2.642857142857143
Tales from the Crypt Presents: Bordello of Blood (1996),2.6363636363636362
American Buffalo (1996),2.6363636363636362
Black Sheep (1996),2.6363636363636362
Johnny Mnemonic (1995),2.6341463414634148
Fatal Instinct (1993),2.6315789473684212
Playing God (1997),2.627906976744186
Feeling Minnesota (1996),2.625
High School High (1996),2.6206896551724137
Weekend at Bernie's (1989),2.6166666666666667
Spawn (1997),2.6153846153846154
Hackers (1995),2.606060606060606
Miami Rhapsody (1995),2.6
Two if by Sea (1996),2.6
Robin Hood: Men in Tights (1993),2.5892857142857144
Striking Distance (1993),2.5833333333333335
Fathers' Day (1997),2.5806451612903225
D3: The Mighty Ducks (1996),2.5789473684210527
"Phantom, The (1996)",2.575
Event Horizon (1997),2.574803149606299
Barbarella (1968),2.5714285714285716
Sgt. Bilko (1996),2.5675675675675675
"Amityville Horror, The (1979)",2.5660377358490565
Turbulence (1997),2.5652173913043477
Cabin Boy (1994),2.5625
Kull the Conqueror (1997),2.5588235294117645
Air Bud (1997),2.558139534883721
Drop Zone (1994),2.5483870967741935
Crash (1996),2.546875
Bogus (1996),2.5454545454545454
City Slickers II: The Legend of Curly's Gold (1994),2.5454545454545454
Excess Baggage (1997),2.5384615384615383
Mixed Nuts (1994),2.533333333333333
Pocahontas (1995),2.5294117647058822
Trial and Error (1997),2.5217391304347827
House Arrest (1996),2.52
Heaven's Prisoners (1996),2.5185185185185186
Made in America (1993),2.5185185185185186
"Quest, The (1996)",2.5185185185185186
Operation Dumbo Drop (1995),2.5161290322580645
That Darn Cat! (1997),2.515151515151515
Spy Hard (1996),2.511627906976744
Money Train (1995),2.511627906976744
Waiting to Exhale (1995),2.5
Marked for Death (1990),2.5
Dear God (1996),2.5
Another Stakeout (1993),2.5
Wild Bill (1995),2.5
Half Baked (1998),2.5
Son in Law (1993),2.4871794871794872
Mouse Hunt (1997),2.477272727272727
Major Payne (1994),2.473684210526316
That Darn Cat! (1965),2.473684210526316
Madonna: Truth or Dare (1991),2.4705882352941178
Escape from L.A. (1996),2.4615384615384617
Under Siege 2: Dark Territory (1995),2.4583333333333335
Free Willy (1993),2.4545454545454546
Surviving the Game (1994),2.4545454545454546
Congo (1995),2.4523809523809526
Batman & Robin (1997),2.4516129032258065
Flipper (1996),2.45
Thinner (1996),2.4489795918367347
"Lawnmower Man, The (1992)",2.4461538461538463
Wishmaster (1997),2.4444444444444446
Cutthroat Island (1995),2.4444444444444446
Jungle2Jungle (1997),2.4393939393939394
Fluke (1995),2.4285714285714284
Deep Rising (1998),2.4285714285714284
Candyman: Farewell to the Flesh (1995),2.4285714285714284
For Richer or Poorer (1997),2.4285714285714284
"Funeral, The (1996)",2.4285714285714284
Richie Rich (1994),2.4285714285714284
Lord of Illusions (1995),2.4166666666666665
"Thin Line Between Love and Hate, A (1996)",2.4166666666666665
Stephen King's The Langoliers (1995),2.413793103448276
Canadian Bacon (1994),2.413793103448276
Rocket Man (1997),2.4081632653061225
Sliver (1993),2.4054054054054053
Vegas Vacation (1997),2.4
"Rich Man's Wife, The (1996)",2.4
"Very Brady Sequel, A (1996)",2.3978494623655915
Star Trek V: The Final Frontier (1989),2.3968253968253967
Beverly Hills Cop III (1994),2.392857142857143
Airheads (1994),2.34375
"Cable Guy, The (1996)",2.339622641509434
"Getaway, The (1994)",2.3333333333333335
"Pallbearer, The (1996)",2.3181818181818183
"Beautician and the Beast, The (1997)",2.313953488372093
Beverly Hills Ninja (1997),2.3125
Cops and Robbersons (1994),2.3076923076923075
Mr. Wrong (1996),2.3043478260869565
"Road to Wellville, The (1994)",2.2941176470588234
Jade (1995),2.2941176470588234
Anaconda (1997),2.289473684210526
Dracula: Dead and Loving It (1995),2.28
In the Army Now (1994),2.2777777777777777
Mighty Morphin Power Rangers: The Movie (1995),2.272727272727273
Herbie Rides Again (1974),2.272727272727273
Kansas City (1996),2.260869565217391
"Pagemaster, The (1994)",2.25
"Believers, The (1987)",2.25
"Beverly Hillbillies, The (1993)",2.25
"Specialist, The (1994)",2.25
Joe's Apartment (1996),2.2444444444444445
Keys to Tulsa (1997),2.24
Striptease (1996),2.2388059701492535
Double Team (1997),2.230769230769231
Phantoms (1998),2.230769230769231
Coneheads (1993),2.2195121951219514
"Cowboy Way, The (1994)",2.210526315789474
Celtic Pride (1996),2.2
Boxing Helena (1993),2.2
Halloween: The Curse of Michael Myers (1995),2.2
McHale's Navy (1997),2.1884057971014492
"Addiction, The (1995)",2.1818181818181817
Free Willy 2: The Adventure Home (1995),2.1818181818181817
Fair Game (1995),2.1818181818181817
Booty Call (1997),2.1666666666666665
"NeverEnding Story III, The (1994)",2.1666666666666665
Audrey Rose (1977),2.1666666666666665
Steel (1997),2.1578947368421053
"Island of Dr. Moreau, The (1996)",2.1578947368421053
Heavyweights (1994),2.1538461538461537
Poison Ivy II (1995),2.1538461538461537
Mad Love (1995),2.1538461538461537
Speed 2: Cruise Control (1997),2.1315789473684212
Highlander III: The Sorcerer (1994),2.125
Stuart Saves His Family (1995),2.125
Spice World (1997),2.1153846153846154
Jingle All the Way (1996),2.111111111111111
Super Mario Bros. (1993),2.076923076923077
"Flintstones, The (1994)",2.064516129032258
Tales from the Hood (1995),2.037037037037037
"Stupids, The (1996)",2.0
Grease 2 (1982),2.0
Jury Duty (1995),2.0
Hellraiser: Bloodline (1996),2.0
Showgirls (1995),1.9565217391304348
Mortal Kombat: Annihilation (1997),1.9534883720930232
"Crow: City of Angels, The (1996)",1.9487179487179487
Jaws 3-D (1983),1.9375
Barb Wire (1996),1.9333333333333333
Mr. Magoo (1997),1.9166666666666667
Bio-Dome (1996),1.903225806451613
Home Alone 3 (1997),1.894736842105263
All Dogs Go to Heaven 2 (1996),1.8666666666666667
Big Bully (1996),1.8571428571428572
Leave It to Beaver (1997),1.8409090909090908
Solo (1996),1.8333333333333333
Ready to Wear (Pret-A-Porter) (1994),1.8333333333333333
Gone Fishin' (1997),1.8181818181818181
Free Willy 3: The Rescue (1997),1.7407407407407407
Robocop 3 (1993),1.7272727272727273
Lawnmower Man 2: Beyond Cyberspace (1996),1.7142857142857142
Amityville II: The Possession (1982),1.6428571428571428
Body Parts (1991),1.6153846153846154
Children of the Corn: The Gathering (1996),1.3157894736842106
